Cluster,GE,Siemens
0,87.10191082802548,13.26530612244898
1,12.898089171974522,86.73469387755102
