Cluster,GE,Siemens
0,93.34470989761093,6.655290102389079
1,24.107142857142858,75.89285714285714
