Variable,P-value
Manufacturer,8.022437883479278e-104
Molecular Subtype,0.14579587205517353
Recurrence,0.7656261290789362
