Manufacturer,n,ARI_vs_raw,Silhouette
Siemens,294,0.574094273675941,0.2008769742647571
GE,628,0.06912074570019369,0.14009473466211303
